{
  "benchmarks": [
    {
      "db_name": "ArangoDB",
      "dataset_size": 200000,
      "ingest_time_s": 110.93549041700317,
      "index_build_time_s": 179.50768954202067,
      "duration_p50_ms": 8.2343679969199,
      "duration_p50_std": 0.48359059716642416,
      "duration_p95_ms": 10.615676987799814,
      "duration_p95_std": 0.8294476868199085,
      "duration_p99_ms": 16.719040363095644,
      "duration_p99_std": 0.8900019440726918,
      "throughput_qps": 422.3047043256852,
      "throughput_qps_std": 238.3571913197422,
      "recall_at_k": {
        "1": 0.4949546156817304,
        "5": 0.8344679412900734,
        "10": 0.901168404789494,
        "20": 0.9396243723445346,
        "50": 0.9596127848590189
      },
      "recall_at_k_std": {
        "1": 0.0,
        "5": 0.0,
        "10": 0.0,
        "20": 0.0,
        "50": 0.0
      },
      "filtered_duration_p50_ms": 9.622652850036198,
      "filtered_duration_p50_std": 0.22413685198697827,
      "filtered_duration_p95_ms": 11.200299992924556,
      "filtered_duration_p95_std": 0.4073511291252105,
      "memory_mb": 2459.648,
      "num_runs": 3
    },
    {
      "db_name": "Qdrant (Default)",
      "dataset_size": 200000,
      "ingest_time_s": 126.91345549997641,
      "index_build_time_s": 0.005408791999798268,
      "duration_p50_ms": 5.286805807069565,
      "duration_p50_std": 0.737101764581039,
      "duration_p95_ms": 10.27508248904875,
      "duration_p95_std": 6.553744434035065,
      "duration_p99_ms": 16.805980183416953,
      "duration_p99_std": 10.662181091341951,
      "throughput_qps": 554.834631784897,
      "throughput_qps_std": 235.6398337759893,
      "recall_at_k": {
        "1": 0.4994930475086906,
        "5": 0.845162224797219,
        "10": 0.9143250289687138,
        "20": 0.9537466203167246,
        "50": 0.9747489378138278
      },
      "recall_at_k_std": {
        "1": 0.0,
        "5": 0.0,
        "10": 0.0,
        "20": 0.0,
        "50": 0.0
      },
      "filtered_duration_p50_ms": 4.515430686296895,
      "filtered_duration_p50_std": 0.5024952447697071,
      "filtered_duration_p95_ms": 6.542013896978459,
      "filtered_duration_p95_std": 0.4222385979269244,
      "memory_mb": 469.4,
      "num_runs": 3
    },
    {
      "db_name": "Qdrant (m=32, efc=200, efs=128)",
      "dataset_size": 200000,
      "ingest_time_s": 216.91770995903062,
      "index_build_time_s": 0.0030258329934440553,
      "duration_p50_ms": 13.771076153110092,
      "duration_p50_std": 11.693926605472956,
      "duration_p95_ms": 24.93841390532907,
      "duration_p95_std": 28.184086317277366,
      "duration_p99_ms": 41.81863353180228,
      "duration_p99_std": 48.54989187916861,
      "throughput_qps": 368.5553867752448,
      "throughput_qps_std": 288.9653893963293,
      "recall_at_k": {
        "1": 0.5004586713016609,
        "5": 0.8463209733487833,
        "10": 0.9153389339513326,
        "20": 0.9549053688682889,
        "50": 0.975907686365392
      },
      "recall_at_k_std": {
        "1": 0.00016725094704214967,
        "5": 0.0,
        "10": 0.0,
        "20": 0.0,
        "50": 0.0
      },
      "filtered_duration_p50_ms": 5.677027666630845,
      "filtered_duration_p50_std": 0.09134539399100579,
      "filtered_duration_p95_ms": 7.141236904620502,
      "filtered_duration_p95_std": 0.10382964432252992,
      "memory_mb": 565.4,
      "num_runs": 3
    },
    {
      "db_name": "Qdrant (m=8, efc=50, efs=32)",
      "dataset_size": 200000,
      "ingest_time_s": 114.82067995902617,
      "index_build_time_s": 0.007344292011111975,
      "duration_p50_ms": 4.099374831033249,
      "duration_p50_std": 0.06649897161176556,
      "duration_p95_ms": 6.467329256702214,
      "duration_p95_std": 0.3584237025839193,
      "duration_p99_ms": 15.671916898572771,
      "duration_p99_std": 2.898218149316713,
      "throughput_qps": 754.5910023382069,
      "throughput_qps_std": 551.600745584552,
      "recall_at_k": {
        "1": 0.4916714947856315,
        "5": 0.8286500579374276,
        "10": 0.8947711471610661,
        "20": 0.9343375820780224,
        "50": 0.9541811510235613
      },
      "recall_at_k_std": {
        "1": 0.0,
        "5": 0.0,
        "10": 0.0,
        "20": 0.0,
        "50": 0.0
      },
      "filtered_duration_p50_ms": 3.980680494957293,
      "filtered_duration_p50_std": 0.19844816013022776,
      "filtered_duration_p95_ms": 6.886489313910714,
      "filtered_duration_p95_std": 0.1449106165419997,
      "memory_mb": 748.5,
      "num_runs": 3
    },
    {
      "db_name": "Qdrant (m=24, efc=150, efs=96)",
      "dataset_size": 200000,
      "ingest_time_s": 155.20647333405213,
      "index_build_time_s": 0.00601095799356699,
      "duration_p50_ms": 8.614659823554879,
      "duration_p50_std": 4.587934629550324,
      "duration_p95_ms": 17.83232222466419,
      "duration_p95_std": 18.274803715653718,
      "duration_p99_ms": 26.01621319404021,
      "duration_p99_std": 25.341315905132785,
      "throughput_qps": 494.5861294076745,
      "throughput_qps_std": 183.5085549816929,
      "recall_at_k": {
        "1": 0.4997827346465817,
        "5": 0.8457415990730012,
        "10": 0.9147595596755504,
        "20": 0.9546156817303978,
        "50": 0.975907686365392
      },
      "recall_at_k_std": {
        "1": 0.0,
        "5": 0.0,
        "10": 0.0,
        "20": 0.0,
        "50": 0.0
      },
      "filtered_duration_p50_ms": 5.042583167475338,
      "filtered_duration_p50_std": 0.18050424912166949,
      "filtered_duration_p95_ms": 7.007675058169599,
      "filtered_duration_p95_std": 0.4674476925999021,
      "memory_mb": 537.4,
      "num_runs": 3
    }
  ]
}