{
  "arango": {
    "ingest": {
      "ingest_time_s": 671.4030721249874,
      "index_build_time_s": 1947.7848907919833,
      "dataset_size": 1000000,
      "memory_mb": 938.5
    },
    "runs": [
      {
        "p50": 86.59606298897415,
        "p95": 167.56157149793577,
        "p99": 260.5446395708712,
        "qps": 54.20343968439917,
        "recall": {
          "1": 0.42880938586326767,
          "5": 0.7566145229818463,
          "10": 0.8337437234453456,
          "20": 0.8834250675936655,
          "50": 0.9209636925453843
        },
        "fp50": 95.42191654327326,
        "fp95": 177.3707793880021
      },
      {
        "p50": 73.77647949033417,
        "p95": 151.5400586969917,
        "p99": 282.45821068004966,
        "qps": 57.174444777135555,
        "recall": {
          "1": 0.42880938586326767,
          "5": 0.7566145229818463,
          "10": 0.8337437234453456,
          "20": 0.8834250675936655,
          "50": 0.9209636925453843
        },
        "fp50": 107.25204201298766,
        "fp95": 215.81600189674637
      },
      {
        "p50": 88.08318749652244,
        "p95": 190.11979592905843,
        "p99": 322.03582240384867,
        "qps": 48.341432682218255,
        "recall": {
          "1": 0.42880938586326767,
          "5": 0.7566145229818463,
          "10": 0.8337437234453456,
          "20": 0.8834250675936655,
          "50": 0.9209636925453843
        },
        "fp50": 106.24635449494235,
        "fp95": 209.55017950909672
      }
    ]
  },
  "qdrant": {
    "ingest": {
      "ingest_time_s": 2150.033520833007,
      "index_build_time_s": 0.22320399997988716,
      "dataset_size": 1000000,
      "memory_mb": 2776.064
    },
    "runs": [
      {
        "p50": 45.166041498305276,
        "p95": 652.9538729664635,
        "p99": 1257.8839185327508,
        "qps": 39.39286181579224,
        "recall": {
          "1": 0.4350859405175744,
          "5": 0.7739474700656624,
          "10": 0.8572566628041715,
          "20": 0.9103659714175357,
          "50": 0.949739281575898
        },
        "fp50": 28.05466650170274,
        "fp95": 80.81921251432503
      },
      {
        "p50": 66.75006201840006,
        "p95": 339.06044132017985,
        "p99": 839.2647619155465,
        "qps": 34.65318686686673,
        "recall": {
          "1": 0.43537562765546545,
          "5": 0.7742371572035535,
          "10": 0.8575463499420626,
          "20": 0.9106556585554269,
          "50": 0.949739281575898
        },
        "fp50": 16.83391651022248,
        "fp95": 52.83498940698332
      },
      {
        "p50": 32.577062520431355,
        "p95": 84.42206060281006,
        "p99": 371.1336568539216,
        "qps": 85.89096975549677,
        "recall": {
          "1": 0.4363895326380842,
          "5": 0.7735129393588258,
          "10": 0.8568221320973349,
          "20": 0.9094969100038625,
          "50": 0.947856315179606
        },
        "fp50": 5.69497948163189,
        "fp95": 9.20171437319368
      }
    ]
  },
  "qdrant_qdrant_m32_efc200_efs128": {
    "ingest": {
      "ingest_time_s": 2449.322791874991,
      "index_build_time_s": 0.1596404580050148,
      "dataset_size": 1000000,
      "memory_mb": 2618.368
    },
    "runs": [
      {
        "p50": 109.4658329966478,
        "p95": 2967.744416432106,
        "p99": 4864.51545586167,
        "qps": 30.453976924443158,
        "recall": {
          "1": 0.43537562765546545,
          "5": 0.7753959057551179,
          "10": 0.859284472769409,
          "20": 0.9125386249517188,
          "50": 0.9511877172653534
        },
        "fp50": 19.643313018605113,
        "fp95": 49.381008144700886
      },
      {
        "p50": 41.251270507927984,
        "p95": 124.84673732833468,
        "p99": 315.21345734887234,
        "qps": 89.58004220165967,
        "recall": {
          "1": 0.4356653147933565,
          "5": 0.7753959057551179,
          "10": 0.859284472769409,
          "20": 0.9125386249517188,
          "50": 0.9511877172653534
        },
        "fp50": 19.547895499272272,
        "fp95": 41.77620351256334
      },
      {
        "p50": 24.05412500957027,
        "p95": 60.9959503461141,
        "p99": 163.3171204995595,
        "qps": 2.1910657605455395,
        "recall": {
          "1": 0.43537562765546545,
          "5": 0.7751062186172267,
          "10": 0.858994785631518,
          "20": 0.9121040942448821,
          "50": 0.9511877172653534
        },
        "fp50": 6.80437553091906,
        "fp95": 9.290406262152826
      }
    ]
  },
  "qdrant_qdrant_m8_efc50_efs32": {
    "ingest": {
      "ingest_time_s": 1660.1414501250256,
      "index_build_time_s": 0.08966991701163352,
      "dataset_size": 1000000,
      "memory_mb": 1511.424
    },
    "runs": [
      {
        "p50": 33.343707997119054,
        "p95": 146.0132104315561,
        "p99": 425.7111708325091,
        "qps": 63.85989430212977,
        "recall": {
          "1": 0.4179461181923523,
          "5": 0.7392815758980301,
          "10": 0.8174246813441484,
          "20": 0.8669129007338741,
          "50": 0.9042101197373503
        },
        "fp50": 14.370291522936895,
        "fp95": 40.012274874607094
      },
      {
        "p50": 5.045020487159491,
        "p95": 10.59244812640827,
        "p99": 17.690133185242292,
        "qps": 1079.6609217380228,
        "recall": {
          "1": 0.417077056778679,
          "5": 0.7357087678640402,
          "10": 0.8132242178447276,
          "20": 0.8618433758207802,
          "50": 0.8988509076863654
        },
        "fp50": 3.751834010472521,
        "fp95": 7.014962338143956
      },
      {
        "p50": 3.856478986563161,
        "p95": 6.78658924007322,
        "p99": 16.821448095142838,
        "qps": 4.789190923727171,
        "recall": {
          "1": 0.417077056778679,
          "5": 0.7357087678640402,
          "10": 0.8132242178447276,
          "20": 0.8618433758207802,
          "50": 0.8988509076863654
        },
        "fp50": 4.0368749760091305,
        "fp95": 6.9301857438404095
      }
    ]
  },
  "qdrant_qdrant_m24_efc150_efs96": {
    "ingest": {
      "ingest_time_s": 1824.153216333012,
      "index_build_time_s": 0.26277954096440226,
      "dataset_size": 1000000,
      "memory_mb": 3227.648
    },
    "runs": [
      {
        "p50": 2263.676458504051,
        "p95": 3501.654658716869,
        "p99": 4337.11625848081,
        "qps": 48.050852138873864,
        "recall": {
          "1": 0.43537562765546545,
          "5": 0.7738026264967168,
          "10": 0.857111819235226,
          "20": 0.9097865971417536,
          "50": 0.9482908458864426
        },
        "fp50": 20.859771000687033,
        "fp95": 61.499756400007726
      },
      {
        "p50": 40.345666522625834,
        "p95": 129.22599359881127,
        "p99": 414.7423725161918,
        "qps": 54.120958810102906,
        "recall": {
          "1": 0.43537562765546545,
          "5": 0.7738026264967168,
          "10": 0.857111819235226,
          "20": 0.9097865971417536,
          "50": 0.9482908458864426
        },
        "fp50": 22.187458496773615,
        "fp95": 64.92461846210063
      },
      {
        "p50": 43.35302099934779,
        "p95": 146.9622981268911,
        "p99": 435.19261827342865,
        "qps": 4.295787807234122,
        "recall": {
          "1": 0.43537562765546545,
          "5": 0.7738026264967168,
          "10": 0.857111819235226,
          "20": 0.9097865971417536,
          "50": 0.9482908458864426
        },
        "fp50": 22.640249982941896,
        "fp95": 54.668489418691024
      }
    ]
  }
}