{
  "benchmarks": [
    {
      "db_name": "ArangoDB",
      "dataset_size": 1000000,
      "ingest_time_s": 2588.6258586000004,
      "index_build_time_s": 1267.8184050000018,
      "duration_p50_ms": 335.53824000009627,
      "duration_p50_std": 35.30547194287361,
      "duration_p95_ms": 817.7134009993096,
      "duration_p95_std": 69.18867777563476,
      "duration_p99_ms": 1235.4199411985442,
      "duration_p99_std": 116.44799135659176,
      "throughput_qps": 4.213005396761993,
      "throughput_qps_std": 1.1809642196189483,
      "recall_at_k": {
        "1": 0.42880938586326767,
        "5": 0.7563248358439552,
        "10": 0.8334540363074546,
        "20": 0.8831353804557744,
        "50": 0.9205774430281962
      },
      "recall_at_k_std": {
        "1": 0.0,
        "5": 0.0,
        "10": 0.0,
        "20": 0.0,
        "50": 0.0
      },
      "precision_at_k": {
        "1": 0.48001158748551565,
        "5": 0.17908458864426421,
        "10": 0.10005793742757822,
        "20": 0.053316917728852845,
        "50": 0.022363847045191194
      },
      "precision_at_k_std": {
        "1": 0.0,
        "5": 0.0,
        "10": 0.0,
        "20": 0.0,
        "50": 0.0
      },
      "ndcg_at_k": {
        "1": 0.48001158748551565,
        "5": 0.6272412599393564,
        "10": 0.6547994934699195,
        "20": 0.668369446863804,
        "50": 0.6766257114470737
      },
      "ndcg_at_k_std": {
        "1": 0.0,
        "5": 0.0,
        "10": 0.0,
        "20": 0.0,
        "50": 0.0
      },
      "success_at_k": {
        "1": 0.48001158748551565,
        "5": 0.7977983777520278,
        "10": 0.8615295480880649,
        "20": 0.902954808806489,
        "50": 0.9339513325608343
      },
      "success_at_k_std": {
        "1": 0.0,
        "5": 0.0,
        "10": 0.0,
        "20": 0.0,
        "50": 0.0
      },
      "filtered_duration_p50_ms": 373.03923000072245,
      "filtered_duration_p50_std": 4.565003545682414,
      "filtered_duration_p95_ms": 887.4602919994503,
      "filtered_duration_p95_std": 21.409111096743008,
      "memory_mb": 1061.888,
      "num_runs": 5
    },
    {
      "db_name": "Qdrant (Default)",
      "dataset_size": 1000000,
      "ingest_time_s": 2506.6235828999997,
      "index_build_time_s": 245.10291049999796,
      "duration_p50_ms": 6.157360000361223,
      "duration_p50_std": 1.432783463557284,
      "duration_p95_ms": 8.183873998714262,
      "duration_p95_std": 4.894036007831308,
      "duration_p99_ms": 23.259010400957692,
      "duration_p99_std": 37.45700541833428,
      "throughput_qps": 354.6941918334837,
      "throughput_qps_std": 196.32688026656544,
      "recall_at_k": {
        "1": 0.43465140981073774,
        "5": 0.7725473155658555,
        "10": 0.8552771340285824,
        "20": 0.9083864426419467,
        "50": 0.9470355349555813
      },
      "recall_at_k_std": {
        "1": 0.0,
        "5": 0.0,
        "10": 0.0,
        "20": 0.0,
        "50": 0.0
      },
      "precision_at_k": {
        "1": 0.48638470451911936,
        "5": 0.18290845886442644,
        "10": 0.10257821552723059,
        "20": 0.05479432213209734,
        "50": 0.0229837775202781
      },
      "precision_at_k_std": {
        "1": 0.0,
        "5": 0.0,
        "10": 0.0,
        "20": 0.0,
        "50": 0.0
      },
      "ndcg_at_k": {
        "1": 0.48638470451911936,
        "5": 0.6386359152175107,
        "10": 0.6680994959661792,
        "20": 0.6825993682049812,
        "50": 0.6911019854124025
      },
      "ndcg_at_k_std": {
        "1": 0.0,
        "5": 0.0,
        "10": 0.0,
        "20": 0.0,
        "50": 0.0
      },
      "success_at_k": {
        "1": 0.48638470451911936,
        "5": 0.8125724217844728,
        "10": 0.8809385863267671,
        "20": 0.9258400926998841,
        "50": 0.9574159907300116
      },
      "success_at_k_std": {
        "1": 0.0,
        "5": 0.0,
        "10": 0.0,
        "20": 0.0,
        "50": 0.0
      },
      "filtered_duration_p50_ms": 5.4293100016366225,
      "filtered_duration_p50_std": 0.14345864462959262,
      "filtered_duration_p95_ms": 6.205694998352556,
      "filtered_duration_p95_std": 0.5820082319394183,
      "memory_mb": 2860.032,
      "num_runs": 5
    },
    {
      "db_name": "Qdrant (m=32, efc=200, efs=128)",
      "dataset_size": 1000000,
      "ingest_time_s": 2386.8877192,
      "index_build_time_s": 463.5829171000005,
      "duration_p50_ms": 8.641739997983677,
      "duration_p50_std": 1.5544587075247092,
      "duration_p95_ms": 11.05553400171629,
      "duration_p95_std": 4.982914599963907,
      "duration_p99_ms": 22.35181080074092,
      "duration_p99_std": 28.13297024927575,
      "throughput_qps": 222.46384388305873,
      "throughput_qps_std": 2.301723387941973,
      "recall_at_k": {
        "1": 0.43653437620702973,
        "5": 0.7756855928930089,
        "10": 0.8595741599073001,
        "20": 0.9126834685206644,
        "50": 0.9520567786790266
      },
      "recall_at_k_std": {
        "1": 0.0,
        "5": 0.0,
        "10": 0.0,
        "20": 0.0,
        "50": 0.0
      },
      "precision_at_k": {
        "1": 0.4884125144843569,
        "5": 0.1835457705677868,
        "10": 0.10304171494785631,
        "20": 0.05501158748551565,
        "50": 0.023093858632676708
      },
      "precision_at_k_std": {
        "1": 0.0,
        "5": 0.0,
        "10": 0.0,
        "20": 0.0,
        "50": 0.0
      },
      "ndcg_at_k": {
        "1": 0.4884125144843569,
        "5": 0.6411921960024565,
        "10": 0.6710553441524645,
        "20": 0.6855110989469595,
        "50": 0.6941792948701834
      },
      "ndcg_at_k_std": {
        "1": 0.0,
        "5": 0.0,
        "10": 0.0,
        "20": 0.0,
        "50": 0.0
      },
      "success_at_k": {
        "1": 0.4884125144843569,
        "5": 0.8157589803012746,
        "10": 0.8852838933951332,
        "20": 0.9304750869061413,
        "50": 0.9620509849362688
      },
      "success_at_k_std": {
        "1": 0.0,
        "5": 0.0,
        "10": 0.0,
        "20": 0.0,
        "50": 0.0
      },
      "filtered_duration_p50_ms": 7.475619998149341,
      "filtered_duration_p50_std": 0.8559573183771759,
      "filtered_duration_p95_ms": 11.138936001152608,
      "filtered_duration_p95_std": 7.085450974202707,
      "memory_mb": 1348.608,
      "num_runs": 5
    },
    {
      "db_name": "Qdrant (m=8, efc=50, efs=32)",
      "dataset_size": 1000000,
      "ingest_time_s": 3114.688725799999,
      "index_build_time_s": 137.99783119999483,
      "duration_p50_ms": 4.407409999112133,
      "duration_p50_std": 0.7755255695071585,
      "duration_p95_ms": 7.526610999047987,
      "duration_p95_std": 6.876837945039149,
      "duration_p99_ms": 30.121314600502892,
      "duration_p99_std": 56.74431097039764,
      "throughput_qps": 590.2142697180152,
      "throughput_qps_std": 21.064960237197173,
      "recall_at_k": {
        "1": 0.4148078408651989,
        "5": 0.7365778292777134,
        "10": 0.8134173426033218,
        "20": 0.8629055619930475,
        "50": 0.897692159134801
      },
      "recall_at_k_std": {
        "1": 0.0,
        "5": 0.0,
        "10": 0.0,
        "20": 0.0,
        "50": 0.0
      },
      "precision_at_k": {
        "1": 0.4640787949015064,
        "5": 0.17473928157589805,
        "10": 0.09768250289687139,
        "20": 0.05211471610660487,
        "50": 0.02183661645422943
      },
      "precision_at_k_std": {
        "1": 0.0,
        "5": 0.0,
        "10": 0.0,
        "20": 0.0,
        "50": 0.0
      },
      "ndcg_at_k": {
        "1": 0.4640787949015064,
        "5": 0.6092378852177543,
        "10": 0.6366058450099906,
        "20": 0.6501465575441129,
        "50": 0.657890427559307
      },
      "ndcg_at_k_std": {
        "1": 0.0,
        "5": 0.0,
        "10": 0.0,
        "20": 0.0,
        "50": 0.0
      },
      "success_at_k": {
        "1": 0.4640787949015064,
        "5": 0.776361529548088,