{
  "benchmarks": [
    {
      "db_name": "ArangoDB",
      "dataset_size": 1000000,
      "ingest_time_s": 671.4030721249874,
      "index_build_time_s": 1947.7848907919833,
      "duration_p50_ms": 82.81857665861025,
      "duration_p50_std": 7.865909084501772,
      "duration_p95_ms": 169.74047537466197,
      "duration_p95_std": 19.38194386024885,
      "duration_p99_ms": 288.3462242182565,
      "duration_p99_std": 31.16557265829149,
      "throughput_qps": 53.239772381250994,
      "throughput_qps_std": 4.494665356909954,
      "recall_at_k": {
        "1": 0.42880938586326767,
        "5": 0.7566145229818463,
        "10": 0.8337437234453456,
        "20": 0.8834250675936655,
        "50": 0.9209636925453843
      },
      "recall_at_k_std": {
        "1": 0.0,
        "5": 0.0,
        "10": 0.0,
        "20": 0.0,
        "50": 0.0
      },
      "filtered_duration_p50_ms": 102.97343768373442,
      "filtered_duration_p50_std": 6.559112401622035,
      "filtered_duration_p95_ms": 200.91232026461506,
      "filtered_duration_p95_std": 20.626881554959354,
      "memory_mb": 938.5,
      "num_runs": 3
    },
    {
      "db_name": "Qdrant (Default)",
      "dataset_size": 1000000,
      "ingest_time_s": 2150.033520833007,
      "index_build_time_s": 0.22320399997988716,
      "duration_p50_ms": 48.164388679045565,
      "duration_p50_std": 17.28268029080652,
      "duration_p95_ms": 358.8121249631511,
      "duration_p95_std": 284.7800944104488,
      "duration_p99_ms": 822.7607791007397,
      "duration_p99_std": 443.6054471412988,
      "throughput_qps": 53.312339479385244,
      "throughput_qps_std": 28.313274142282552,
      "recall_at_k": {
        "1": 0.435617033603708,
        "5": 0.7738991888760139,
        "10": 0.857208381614523,
        "20": 0.9101728466589417,
        "50": 0.9491116261104674
      },
      "recall_at_k_std": {
        "1": 0.0006845040014850229,
        "5": 0.00036451498818416045,
        "10": 0.00036451498818415313,
        "20": 0.0006030318654305517,
        "50": 0.0010871311557742293
      },
      "filtered_duration_p50_ms": 16.86118749785237,
      "filtered_duration_p50_std": 11.179868455798394,
      "filtered_duration_p95_ms": 47.61863876483401,
      "filtered_duration_p95_std": 36.09257881497423,
      "memory_mb": 2776.064,
      "num_runs": 3
    },
    {
      "db_name": "Qdrant (m=32, efc=200, efs=128)",
      "dataset_size": 1000000,
      "ingest_time_s": 2449.322791874991,
      "index_build_time_s": 0.1596404580050148,
      "duration_p50_ms": 58.25707617138202,
      "duration_p50_std": 45.17397519606643,
      "duration_p95_ms": 1051.1957013688516,
      "duration_p95_std": 1660.0868843700684,
      "duration_p99_ms": 1781.015344570034,
      "duration_p99_std": 2671.469226200951,
      "throughput_qps": 40.74169496221612,
      "throughput_qps_std": 44.59356632604012,
      "recall_at_k": {
        "1": 0.43547219003476245,
        "5": 0.7752993433758208,
        "10": 0.859187910390112,
        "20": 0.9123937813827733,
        "50": 0.9511877172653534
      },
      "recall_at_k_std": {
        "1": 0.0001672509470421817,
        "5": 0.00016725094704221375,
        "10": 0.00016725094704214967,
        "20": 0.0002508764205632886,
        "50": 0.0
      },
      "filtered_duration_p50_ms": 15.331861349598816,
      "filtered_duration_p50_std": 7.385173452031249,
      "filtered_duration_p95_ms": 33.482539306472354,
      "filtered_duration_p95_std": 21.29325572332206,
      "memory_mb": 2618.368,
      "num_runs": 3
    },
    {
      "db_name": "Qdrant (m=8, efc=50, efs=32)",
      "dataset_size": 1000000,
      "ingest_time_s": 1660.1414501250256,
      "index_build_time_s": 0.08966991701163352,
      "duration_p50_ms": 14.081735823613903,
      "duration_p50_std": 16.691939274222303,
      "duration_p95_ms": 54.464082599345865,
      "duration_p95_std": 79.30670366113102,
      "duration_p99_ms": 153.4075840376314,
      "duration_p99_std": 235.82222369713813,
      "throughput_qps": 382.77000232129325,
      "throughput_qps_std": 604.2475090337781,
      "recall_at_k": {
        "1": 0.4173667439165701,
        "5": 0.7368997038753702,
        "10": 0.8146243723445346,
        "20": 0.8635332174584781,
        "50": 0.9006373117033604
      },
      "recall_at_k_std": {
        "1": 0.0005017528411265772,
        "5": 0.002062761680186961,
        "10": 0.002425138732111747,
        "20": 0.00292689157323826,
        "50": 0.0030941425202804097
      },
      "filtered_duration_p50_ms": 7.386333503139515,
      "filtered_duration_p50_std": 6.049963992019094,
      "filtered_duration_p95_ms": 17.985807652197153,
      "filtered_duration_p95_std": 19.07552726643906,
      "memory_mb": 1511.424,
      "num_runs": 3
    },
    {
      "db_name": "Qdrant (m=24, efc=150, efs=96)",
      "dataset_size": 1000000,
      "ingest_time_s": 1824.153216333012,
      "index_build_time_s": 0.26277954096440226,
      "duration_p50_ms": 782.4583820086749,
      "duration_p50_std": 1282.7733641012871,
      "duration_p95_ms": 1259.2809834808572,
      "duration_p95_std": 1941.9728161506723,
      "duration_p99_ms": 1729.0170830901434,
      "duration_p99_std": 2258.7032861008965,
      "throughput_qps": 35.48919958540363,
      "throughput_qps_std": 27.18424640342009,
      "recall_at_k": {
        "1": 0.43537562765546545,
        "5": 0.7738026264967168,
        "10": 0.857111819235226,
        "20": 0.9097865971417536,
        "50": 0.9482908458864426
      },
      "recall_at_k_std": {
        "1": 0.0,
        "5": 0.0,
        "10": 0.0,
        "20": 0.0,
        "50": 0.0
      },
      "filtered_duration_p50_ms": 21.895826493467514,
      "filtered_duration_p50_std": 0.9253719633623417,
      "filtered_duration_p95_ms": 60.36428809359979,
      "filtered_duration_p95_std": 5.22149518288681,
      "memory_mb": 3227.648,
      "num_runs": 3
    }
  ]
}